{
  "__type__": "cc.SpriteAtlas",
  "_name": "hero.plist",
  "_objFlags": 0,
  "_native": "",
  "_spriteFrames": {
    "0_0": {
      "__uuid__": "c60ed500-682c-4f78-bb32-cd029721378f"
    },
    "0_1": {
      "__uuid__": "78d273c0-ad30-45fa-9036-7385dfc520ae"
    },
    "0_2": {
      "__uuid__": "ccc4686d-021b-441b-a3e3-4527b8d387e0"
    },
    "0_3": {
      "__uuid__": "0206292c-345f-46a1-96a2-567294ee19bd"
    },
    "0_4": {
      "__uuid__": "ddb53caa-89b3-4e38-86b7-b4f01ffa5551"
    },
    "0_5": {
      "__uuid__": "b7232fe7-50c4-48db-9f81-50d42061157b"
    },
    "0_6": {
      "__uuid__": "acf88d9e-fa3a-4f54-a786-eec304b221ca"
    },
    "1_0": {
      "__uuid__": "d5a64eb7-93b6-4467-925c-dd811917009d"
    },
    "1_1": {
      "__uuid__": "4455c7aa-4f73-4dba-a92c-337422667106"
    },
    "1_2": {
      "__uuid__": "7626e242-c315-4314-8318-692da5721132"
    },
    "1_3": {
      "__uuid__": "d9c83a18-a5fa-4661-80a7-cb49edf22db2"
    },
    "1_4": {
      "__uuid__": "c54f0fa7-2685-413f-8b3a-190944964185"
    },
    "1_5": {
      "__uuid__": "987447fc-b5e4-4578-893a-8e44f3f0f0d7"
    },
    "1_6": {
      "__uuid__": "769e9546-cbe6-43e4-b426-ee6156c31151"
    },
    "2_0": {
      "__uuid__": "75e148fb-9741-4ff4-9700-09277adad2f9"
    },
    "2_1": {
      "__uuid__": "dcd4f855-a90e-442a-807d-6013dc459a0f"
    },
    "2_2": {
      "__uuid__": "3fd3c3b2-81fc-4733-a408-556713bb571d"
    },
    "2_3": {
      "__uuid__": "9e4df92c-fe7c-4d3d-bbcd-f3715c4030ef"
    },
    "2_4": {
      "__uuid__": "1afac0bd-e2e3-4c22-917c-0007c652eed2"
    },
    "2_5": {
      "__uuid__": "bd79fe63-637b-4df7-95ea-04a19c00f466"
    },
    "2_6": {
      "__uuid__": "2638a7a4-a997-4fda-b3ee-011248efce3d"
    },
    "3_0": {
      "__uuid__": "8dfdcf99-7dc0-4db8-b3b2-93ee9e8631a0"
    },
    "3_1": {
      "__uuid__": "0b85641b-ceb9-4b7e-ac31-eb7af01c8922"
    },
    "3_2": {
      "__uuid__": "d073356f-7951-4411-9214-1e0ef1f42d95"
    },
    "3_3": {
      "__uuid__": "1a760973-94b9-4003-a497-d9e580706124"
    },
    "3_4": {
      "__uuid__": "c28a4654-ee95-493d-bf69-8cf341e9c735"
    },
    "3_5": {
      "__uuid__": "eaa5fdbc-845e-4158-88d6-1e4b7f4e5b16"
    },
    "3_6": {
      "__uuid__": "e700f25e-aad6-40cf-a54d-b8a487f94492"
    }
  }
}