{
  "9836134e-b892-4283-b6b2-78b5acf3ed45": {
    "asset": 1592807258000,
    "meta": 1593494898482,
    "relativePath": "effects"
  },
  "f8e6b000-5643-4b86-9080-aa680ce1f599": {
    "asset": 1592807258000,
    "meta": 1593494898696,
    "relativePath": "image"
  },
  "5c3eedba-6c41-4c0c-9ba7-d91f813cbd1c": {
    "asset": 1592807258000,
    "meta": 1593494898990,
    "relativePath": "materials"
  },
  "fc09f9bd-2cce-4605-b630-8145ef809ed6": {
    "asset": 1592807258000,
    "meta": 1593494898994,
    "relativePath": "misc"
  },
  "db019bf7-f71c-4111-98cf-918ea180cb48": {
    "asset": 1592807258000,
    "meta": 1593494898999,
    "relativePath": "model"
  },
  "e39e96e6-6f6e-413f-bcf1-ac7679bb648a": {
    "asset": 1592807258000,
    "meta": 1593494899000,
    "relativePath": "model/prefab"
  },
  "f6e6dd15-71d1-4ffe-ace7-24fd39942c05": {
    "asset": 1592807258000,
    "meta": 1593494899035,
    "relativePath": "obsolete"
  },
  "f743d2b6-b7ea-4c14-a55b-547ed4d0a045": {
    "asset": 1592807258000,
    "meta": 1593494899056,
    "relativePath": "particle"
  },
  "ae6c6c98-11e4-452f-8758-75f5c6a56e83": {
    "asset": 1592807258000,
    "meta": 1593494899078,
    "relativePath": "prefab"
  },
  "a3ee0214-b432-4865-9666-4a3211814282": {
    "asset": 1592807258000,
    "meta": 1593494899102,
    "relativePath": "prefab/light"
  },
  "d8afc78c-4eac-4a9f-83dd-67bc70344d33": {
    "asset": 1592807258000,
    "meta": 1593494899200,
    "relativePath": "resources"
  },
  "294c1663-4adf-4a1e-a795-53808011a38a": {
    "asset": 1592807258000,
    "meta": 1593494899201,
    "relativePath": "resources/effects"
  },
  "bbee2217-c261-49bd-a8ce-708d6bcc3500": {
    "asset": 1592807258000,
    "meta": 1593494899402,
    "relativePath": "resources/materials"
  },
  "8fada1dc-e8d3-4a9d-8ab7-714763bf5c19": {
    "asset": 1593493250000,
    "meta": 1593494902785,
    "relativePath": "script"
  },
  "a7f61d6d-8c6c-4bd0-94e8-8a59faee7592": {
    "asset": 1593490242000,
    "meta": 1593494901602,
    "relativePath": "resource"
  },
  "d6a6140c-0a7e-4142-b113-ac8ac45869c3": {
    "asset": 1593490242000,
    "meta": 1593494902773,
    "relativePath": "scene"
  },
  "4cf3de81-6c1a-4f63-8302-625fffe8d52a": {
    "asset": 1593490788000,
    "meta": 1593494902785,
    "relativePath": "scene/gameScene.fire"
  },
  "f2c9d2a9-9769-4bf9-9323-60fe4a6bdbd2": {
    "asset": 1593490242000,
    "meta": 1593494902255,
    "relativePath": "resource/picture"
  },
  "d62ac465-0a96-4a17-b229-f10470f75385": {
    "asset": 1593490242000,
    "meta": 1593494902749,
    "relativePath": "resource/prefab"
  },
  "8d623023-151e-4d9f-bbbc-b84737d0be43": {
    "asset": 1593120840000,
    "meta": 1593494902719,
    "relativePath": "resource/picture/yak.png"
  },
  "d3a74760-89ed-4d1e-8afa-30c38afab2c6": {
    "asset": 1593120842000,
    "meta": 1593494902644,
    "relativePath": "resource/picture/water.png"
  },
  "6a116e25-b403-4215-981e-c78f4ce72b3c": {
    "asset": 1593120846000,
    "meta": 1593494902492,
    "relativePath": "resource/picture/grass.png"
  },
  "f5dc5911-05b5-44c0-956d-b46a619331a3": {
    "asset": 1593120870000,
    "meta": 1593494902556,
    "relativePath": "resource/picture/sand.png"
  },
  "d51f770c-754f-4326-b865-eac3de6af74a": {
    "asset": 1593120902000,
    "meta": 1593494902586,
    "relativePath": "resource/picture/stone.png"
  },
  "5291c97e-4950-4203-b8b9-d0a8dac423f2": {
    "asset": 1593120908000,
    "meta": 1593494902702,
    "relativePath": "resource/picture/wolf.png"
  },
  "2dfd12b4-3ba5-4819-9719-9519e2392348": {
    "asset": 1593120908000,
    "meta": 1593494902585,
    "relativePath": "resource/picture/sheep.png"
  },
  "6af2da9c-460c-4d00-93a8-6cff8b23dbc4": {
    "asset": 1593120910000,
    "meta": 1593494902514,
    "relativePath": "resource/picture/lion.png"
  },
  "dddc9f61-3355-4730-9a76-cd4f4cf07a59": {
    "asset": 1593120912000,
    "meta": 1593494902368,
    "relativePath": "resource/picture/chicken.png"
  },
  "33075b7d-c9c3-467a-81ca-ece6d77a8606": {
    "asset": 1593120954000,
    "meta": 1593494902430,
    "relativePath": "resource/picture/fruit-tree.png"
  },
  "f2d84b15-2e0a-4c56-a4d1-427e35c7561c": {
    "asset": 1593120988000,
    "meta": 1593494902405,
    "relativePath": "resource/picture/crop.png"
  },
  "c68cbcd9-f329-4a36-9906-5ee77f6f9c92": {
    "asset": 1593120996000,
    "meta": 1593494902700,
    "relativePath": "resource/picture/wheat.png"
  },
  "375c0319-25f6-4fea-b4d3-f9f1b1e7ac32": {
    "asset": 1593121000000,
    "meta": 1593494902347,
    "relativePath": "resource/picture/berry-bush.png"
  },
  "6ad59687-bf1b-4172-8918-a606e56a3019": {
    "asset": 1593121020000,
    "meta": 1593494902616,
    "relativePath": "resource/picture/tree.png"
  },
  "13a22121-0b1a-48dc-a8a1-d1c34de3bcfc": {
    "asset": 1593121084000,
    "meta": 1593494902752,
    "relativePath": "resource/prefab/berry.prefab"
  },
  "af8e6608-6c05-42a6-ac99-f6fd4f03f77a": {
    "asset": 1593121102000,
    "meta": 1593494902754,
    "relativePath": "resource/prefab/chicken.prefab"
  },
  "ab721ed9-f074-45e5-850b-ed6523a6cd31": {
    "asset": 1593290752000,
    "meta": 1593494902759,
    "relativePath": "resource/prefab/fruit.prefab"
  },
  "0243d917-5a31-4793-b9fd-3f2f9685eb5c": {
    "asset": 1593121146000,
    "meta": 1593494902757,
    "relativePath": "resource/prefab/cow.prefab"
  },
  "3b2bafb3-c542-471f-94e9-57c36dc8159c": {
    "asset": 1593121162000,
    "meta": 1593494902774,
    "relativePath": "resource/prefab/wolf.prefab"
  },
  "3e01b631-c5ac-465e-9ffc-46adccddaf70": {
    "asset": 1593121182000,
    "meta": 1593494902762,
    "relativePath": "resource/prefab/lion.prefab"
  },
  "746d3060-9a57-4daf-88ea-7b2afe1a8738": {
    "asset": 1593121222000,
    "meta": 1593494902765,
    "relativePath": "resource/prefab/sheep.prefab"
  },
  "d0e03961-de46-4319-84dd-70a95f6238ce": {
    "asset": 1593121234000,
    "meta": 1593494902772,
    "relativePath": "resource/prefab/wheat.prefab"
  },
  "69280dfd-61c1-4c0c-b069-14d7a6d01dce": {
    "asset": 1593121238000,
    "meta": 1593494902770,
    "relativePath": "resource/prefab/water.prefab"
  },
  "131348e0-40a0-4972-9c40-87f17ef30d2c": {
    "asset": 1593291012000,
    "meta": 1593494902766,
    "relativePath": "resource/prefab/tree.prefab"
  },
  "d65f3802-ebad-40f9-84a7-f3c8083794a2": {
    "asset": 1593121256000,
    "meta": 1593494902764,
    "relativePath": "resource/prefab/stone.prefab"
  },
  "679c6e7c-7c3c-48b8-9b0d-e9d3dbfc541b": {
    "asset": 1593121262000,
    "meta": 1593494902761,
    "relativePath": "resource/prefab/sand.prefab"
  },
  "04c4bac0-4553-41e1-bd6a-30204703c2e5": {
    "asset": 1593121270000,
    "meta": 1593494902755,
    "relativePath": "resource/prefab/crop.prefab"
  },
  "a52bf1cf-a8ca-4a9c-95a3-b773a771cc3d": {
    "asset": 1593121276000,
    "meta": 1593494902758,
    "relativePath": "resource/prefab/grass.prefab"
  },
  "b4f37d30-b267-4e4d-a0fb-b84f5a49d517": {
    "asset": 1593121330000,
    "meta": 1593494902615,
    "relativePath": "resource/picture/town.png"
  },
  "5a4d7908-3187-4140-9d70-256e5e408894": {
    "asset": 1593121346000,
    "meta": 1593494902767,
    "relativePath": "resource/prefab/town.prefab"
  },
  "7d34401c-fe7c-4eda-9f20-a2130144df13": {
    "asset": 1593121394000,
    "meta": 1593494902643,
    "relativePath": "resource/picture/vocan.png"
  },
  "aa26f3a3-9eb2-4bdd-9200-017501680542": {
    "asset": 1593121404000,
    "meta": 1593494902769,
    "relativePath": "resource/prefab/vocan.prefab"
  },
  "64333e67-8cf0-42bc-ab21-8f651a7c934c": {
    "asset": 1593322204000,
    "meta": 1593494902856,
    "relativePath": "scene/welcome.fire"
  },
  "56021d47-5993-4b84-ab3b-90976109493e": {
    "asset": 1593124220000,
    "meta": 1593494902282,
    "relativePath": "resource/picture/678319341774081863.png"
  },
  "303ca4fb-bf89-4852-b474-b68cf4f63903": {
    "asset": 1593125310000,
    "meta": 1593494902750,
    "relativePath": "resource/picture/木牌子.png"
  },
  "46a55f41-56d7-43b5-94bc-d94153adefdc": {
    "asset": 1593125972000,
    "meta": 1593494902466,
    "relativePath": "resource/picture/gameOver.png"
  },
  "115de85a-2583-476a-9d0a-d11be53f19d4": {
    "asset": 1593490242000,
    "meta": 1593494901603,
    "relativePath": "resource/animation"
  },
  "bc696a1c-f449-45cf-9fb1-026fa0900edf": {
    "asset": 1593130332000,
    "meta": 1593494901606,
    "relativePath": "resource/animation/human_down.anim"
  },
  "552eeb61-3dfb-4270-a00d-684e4798d3df": {
    "asset": 1593130332000,
    "meta": 1593494901606,
    "relativePath": "resource/animation/human_left.anim"
  },
  "b5f4ed65-e155-4c93-89c6-4d21f5da1c32": {
    "asset": 1593130332000,
    "meta": 1593494901607,
    "relativePath": "resource/animation/human_right.anim"
  },
  "56ff5b9b-c305-430b-83d5-a29ccea7cec1": {
    "asset": 1593130332000,
    "meta": 1593494901608,
    "relativePath": "resource/animation/human_up.anim"
  },
  "2b5b61b9-1476-4ebd-bb74-215f3cbb8283": {
    "asset": 1593130616000,
    "meta": 1593494903441,
    "relativePath": "script/human.js"
  },
  "6a37e900-6f17-41fb-b457-6ad65700c177": {
    "asset": 1593490242000,
    "meta": 1593494902241,
    "relativePath": "resource/human"
  },
  "980b7a2f-e03e-4261-9faa-b94258bf507c": {
    "asset": 1593140244000,
    "meta": 1593494903472,
    "relativePath": "resource/human/hero.plist"
  },
  "fc72dcf3-0537-4a97-80b5-7af1a7850851": {
    "asset": 1593140244000,
    "meta": 1593494902256,
    "relativePath": "resource/human/hero.png"
  },
  "2e7f0f5a-7038-4457-b7e7-31ff2493b8c2": {
    "asset": 1593496446476,
    "meta": 1593496446485,
    "relativePath": "scene/gameRule.fire"
  },
  "e524556a-ceb6-40f9-b400-3787f77f2fef": {
    "asset": 1593212356000,
    "meta": 1593494902403,
    "relativePath": "resource/picture/color.png"
  },
  "b5a20a37-8118-4545-b684-0dac6dea279e": {
    "asset": 1593212366000,
    "meta": 1593494902441,
    "relativePath": "resource/picture/earth.png"
  },
  "68a0d542-87b7-414c-928c-e214fb5aa459": {
    "asset": 1593212376000,
    "meta": 1593494902748,
    "relativePath": "resource/picture/动物2.png"
  },
  "df3840ca-6011-4acc-872e-b8122e3ba8c2": {
    "asset": 1593212380000,
    "meta": 1593494902292,
    "relativePath": "resource/picture/1577763344-dKCkBQnHam.ppopulationng.png"
  },
  "d960aa6a-541a-4cf6-ab87-27754b570176": {
    "asset": 1593212388000,
    "meta": 1593494902674,
    "relativePath": "resource/picture/weather.png"
  },
  "1b2456eb-5c80-4bb5-9e0b-db6a0cc51e12": {
    "asset": 1593212808000,
    "meta": 1593494902385,
    "relativePath": "resource/picture/button background (1).png"
  },
  "4d0d7266-d55a-4f9c-a322-e172972b40b7": {
    "asset": 1593212812000,
    "meta": 1593494902344,
    "relativePath": "resource/picture/857532466834410537.png"
  },
  "b1121c78-7cd3-4b79-9de1-7d610ff8d6c0": {
    "asset": 1593290628000,
    "meta": 1593494902530,
    "relativePath": "resource/picture/new fruit tree.png"
  },
  "6ead6166-e6fb-4813-abd2-0e6cc5adbd9f": {
    "asset": 1593290850000,
    "meta": 1593494902534,
    "relativePath": "resource/picture/new tree.png"
  },
  "7c1668cb-8a50-4f4a-ab60-3d63dbb065e1": {
    "asset": 1593490764000,
    "meta": 1593494901608,
    "relativePath": "resource/audio"
  },
  "e4abb200-a890-44f8-b6ba-b391e33cd7d4": {
    "asset": 1593297422000,
    "meta": 1593494903378,
    "relativePath": "script/data.js"
  },
  "2de4f81b-22ee-42ea-a165-dc117a9e808c": {
    "asset": 1593320556000,
    "meta": 1593494902557,
    "relativePath": "resource/picture/plant.jpg"
  },
  "ad1b4620-7ab5-4694-bb50-1f83dd3d2ebf": {
    "asset": 1593320556000,
    "meta": 1593494902677,
    "relativePath": "resource/picture/welcome.jpg"
  },
  "6e8e2756-07da-4c92-b893-c02698b8896f": {
    "asset": 1593321628000,
    "meta": 1593494902474,
    "relativePath": "resource/picture/gameRule.png"
  },
  "430eccbf-bf2c-4e6e-8c0c-884bbb487f32": {
    "asset": 1592807258000,
    "meta": 1593494898523,
    "relativePath": "effects/__builtin-editor-gizmo-line.effect"
  },
  "6c5cf6e1-b044-4eac-9431-835644d57381": {
    "asset": 1592807258000,
    "meta": 1593494898532,
    "relativePath": "effects/__builtin-editor-gizmo-unlit.effect"
  },
  "115286d1-2e10-49ee-aab4-341583f607e8": {
    "asset": 1592807258000,
    "meta": 1593494898561,
    "relativePath": "effects/__builtin-editor-gizmo.effect"
  },
  "abc2cb62-7852-4525-a90d-d474487b88f2": {
    "asset": 1592807258000,
    "meta": 1593494898639,
    "relativePath": "effects/builtin-phong.effect"
  },
  "e2f00085-c597-422d-9759-52c360279106": {
    "asset": 1592807258000,
    "meta": 1593494898695,
    "relativePath": "effects/builtin-toon.effect"
  },
  "71561142-4c83-4933-afca-cb7a17f67053": {
    "asset": 1592807258000,
    "meta": 1593494898747,
    "relativePath": "image/default_btn_disabled.png"
  },
  "e851e89b-faa2-4484-bea6-5c01dd9f06e2": {
    "asset": 1592807258000,
    "meta": 1593494898745,
    "relativePath": "image/default_btn_normal.png"
  },
  "edd215b9-2796-4a05-aaf5-81f96c9281ce": {
    "asset": 1592807258000,
    "meta": 1593494898771,
    "relativePath": "image/default_editbox_bg.png"
  },
  "b43ff3c2-02bb-4874-81f7-f2dea6970f18": {
    "asset": 1592807258000,
    "meta": 1593494898776,
    "relativePath": "image/default_btn_pressed.png"
  },
  "99170b0b-d210-46f1-b213-7d9e3f23098a": {
    "asset": 1592807258000,
    "meta": 1593494898802,
    "relativePath": "image/default_progressbar_bg.png"
  },
  "d81ec8ad-247c-4e62-aa3c-d35c4193c7af": {
    "asset": 1592807258000,
    "meta": 1593494898799,
    "relativePath": "image/default_panel.png"
  },
  "567dcd80-8bf4-4535-8a5a-313f1caf078a": {
    "asset": 1592807258000,
    "meta": 1593494898831,
    "relativePath": "image/default_radio_button_off.png"
  },
  "cfef78f1-c8df-49b7-8ed0-4c953ace2621": {
    "asset": 1592807258000,
    "meta": 1593494898828,
    "relativePath": "image/default_progressbar.png"
  },
  "4bab67cb-18e6-4099-b840-355f0473f890": {
    "asset": 1592807258000,
    "meta": 1593494898847,
    "relativePath": "image/default_scrollbar_bg.png"
  },
  "9d60001f-b5f4-4726-a629-2659e3ded0b8": {
    "asset": 1592807258000,
    "meta": 1593494898845,
    "relativePath": "image/default_radio_button_on.png"
  },
  "d6d3ca85-4681-47c1-b5dd-d036a9d39ea2": {
    "asset": 1592807258000,
    "meta": 1593494898879,
    "relativePath": "image/default_scrollbar_vertical.png"
  },
  "617323dd-11f4-4dd3-8eec-0caf6b3b45b9": {
    "asset": 1592807258000,
    "meta": 1593494898878,
    "relativePath": "image/default_scrollbar_vertical_bg.png"
  },
  "0275e94c-56a7-410f-bd1a-fc7483f7d14a": {
    "asset": 1592807258000,
    "meta": 1593494898910,
    "relativePath": "image/default_sprite_splash.png"
  },
  "0291c134-b3da-4098-b7b5-e397edbe947f": {
    "asset": 1592807258000,
    "meta": 1593494898912,
    "relativePath": "image/default_scrollbar.png"
  },
  "6e056173-d285-473c-b206-40a7fff5386e": {
    "asset": 1592807258000,
    "meta": 1593494898942,
    "relativePath": "image/default_sprite.png"
  },
  "73a0903d-d80e-4e3c-aa67-f999543c08f5": {
    "asset": 1592807258000,
    "meta": 1593494898941,
    "relativePath": "image/default_toggle_checkmark.png"
  },
  "c25b9d50-c8fc-4d27-beeb-6e7c1f2e5c0f": {
    "asset": 1592807258000,
    "meta": 1593494898969,
    "relativePath": "image/default_toggle_disabled.png"
  },
  "d29077ba-1627-4a72-9579-7b56a235340c": {
    "asset": 1592807258000,
    "meta": 1593494898970,
    "relativePath": "image/default_toggle_normal.png"
  },
  "b181c1e4-0a72-4a91-bfb0-ae6f36ca60bd": {
    "asset": 1592807258000,
    "meta": 1593494898990,
    "relativePath": "image/default_toggle_pressed.png"
  },
  "c4480a0a-6ac5-443f-8b40-361a14257fc8": {
    "asset": 1592807258000,
    "meta": 1593494899425,
    "relativePath": "materials/builtin-phong.mtl"
  },
  "2be36297-9abb-4fee-8049-9ed5e271da8a": {
    "asset": 1592807258000,
    "meta": 1593494898998,
    "relativePath": "misc/default_video.mp4"
  },
  "a87cc147-01b2-43f8-8e42-a7ca90b0c757": {
    "asset": 1593314982852,
    "meta": 1593494899003,
    "relativePath": "model/prefab/box.prefab"
  },
  "fe1417b6-fe6b-46a4-ae7c-9fd331f33a2a": {
    "asset": 1593314982850,
    "meta": 1593494899005,
    "relativePath": "model/prefab/capsule.prefab"
  },
  "b5fc2cf2-7942-483d-be1f-bbeadc4714ad": {
    "asset": 1593314982855,
    "meta": 1593494899009,
    "relativePath": "model/prefab/cone.prefab"
  },
  "1c5e4038-953a-44c2-b620-0bbfc6170477": {
    "asset": 1593314982857,
    "meta": 1593494899011,
    "relativePath": "model/prefab/cylinder.prefab"
  },
  "3f376125-a699-40ca-ad05-04d662eaa1f2": {
    "asset": 1593314982862,
    "meta": 1593494899015,
    "relativePath": "model/prefab/plane.prefab"
  },
  "600301aa-3357-4a10-b086-84f011fa32ba": {
    "asset": 1592807258000,
    "meta": 1593494899007,
    "relativePath": "image/default-particle.png"
  },
  "6c9ef10d-b479-420b-bfe6-39cdda6a8ae0": {
    "asset": 1593314982859,
    "meta": 1593494899013,
    "relativePath": "model/prefab/quad.prefab"
  },
  "2d9a4b85-b0ab-4c46-84c5-18f393ab2058": {
    "asset": 1593314982864,
    "meta": 1593494899016,
    "relativePath": "model/prefab/sphere.prefab"
  },
  "de510076-056b-484f-b94c-83bef217d0e1": {
    "asset": 1593314982888,
    "meta": 1593494899034,
    "relativePath": "model/prefab/torus.prefab"
  },
  "8a96b965-2dc0-4e03-aa90-3b79cb93b5b4": {
    "asset": 1592807258000,
    "meta": 1593494899055,
    "relativePath": "obsolete/atom.png"
  },
  "b8223619-7e38-47c4-841f-9160c232495a": {
    "asset": 1592807258000,
    "meta": 1593494899438,
    "relativePath": "obsolete/atom.plist"
  },
  "d0a82d39-bede-46c4-b698-c81ff0dedfff": {
    "asset": 1592807258000,
    "meta": 1593494899077,
    "relativePath": "particle/atom.png"
  },
  "897ef7a1-4860-4f64-968d-f5924b18668a": {
    "asset": 1593314982932,
    "meta": 1593494899080,
    "relativePath": "prefab/2d-camera.prefab"
  },
  "70d7cdb0-04cd-41bb-9480-c06a4785f386": {
    "asset": 1593314982933,
    "meta": 1593494899082,
    "relativePath": "prefab/3d-camera.prefab"
  },
  "b2687ac4-099e-403c-a192-ff477686f4f5": {
    "asset": 1592807258000,
    "meta": 1593494899439,
    "relativePath": "particle/atom.plist"
  },
  "70bbeb73-6dc2-4ee4-8faf-76b3a0e34ec4": {
    "asset": 1593314982937,
    "meta": 1593494899085,
    "relativePath": "prefab/3d-particle.prefab"
  },
  "ed88f13d-fcad-4848-aa35-65a2cb973584": {
    "asset": 1593314982940,
    "meta": 1593494899088,
    "relativePath": "prefab/3d-stage.prefab"
  },
  "972b9a4d-47ee-4c74-b5c3-61d8a69bc29f": {
    "asset": 1593314982944,
    "meta": 1593494899091,
    "relativePath": "prefab/button.prefab"
  },
  "2c937608-2562-40ea-b264-7395df6f0cea": {
    "asset": 1593314982946,
    "meta": 1593494899093,
    "relativePath": "prefab/canvas.prefab"
  },
  "61aeb05b-3b32-452b-8eed-2b76deeed554": {
    "asset": 1593314982949,
    "meta": 1593494899096,
    "relativePath": "prefab/editbox.prefab"
  },
  "27756ebb-3d33-44b0-9b96-e858fadd4dd4": {
    "asset": 1593314982952,
    "meta": 1593494899098,
    "relativePath": "prefab/label.prefab"
  },
  "785a442c-3ceb-45be-a46e-7317f625f3b9": {
    "asset": 1593314982954,
    "meta": 1593494899101,
    "relativePath": "prefab/layout.prefab"
  },
  "61906da3-7003-4bda-9abc-5769c76faee4": {
    "asset": 1593314982957,
    "meta": 1593494899104,
    "relativePath": "prefab/light/ambient.prefab"
  },
  "ddb99b39-7004-47cd-9705-751905c43c46": {
    "asset": 1593314982959,
    "meta": 1593494899106,
    "relativePath": "prefab/light/directional.prefab"
  },
  "0cf30284-9073-46bc-9eba-e62b69dbbff3": {
    "asset": 1593314982961,
    "meta": 1593494899109,
    "relativePath": "prefab/light/point.prefab"
  },
  "f5331fd2-bf42-4ee3-a3fd-3e1657600eff": {
    "asset": 1593314982963,
    "meta": 1593494899111,
    "relativePath": "prefab/light/spot.prefab"
  },
  "ca8401fe-ad6e-41a8-bd46-8e3e4e9945be": {
    "asset": 1593314982966,
    "meta": 1593494899114,
    "relativePath": "prefab/pageview.prefab"
  },
  "cd33edea-55f5-46c2-958d-357a01384a36": {
    "asset": 1593314982968,
    "meta": 1593494899117,
    "relativePath": "prefab/particlesystem.prefab"
  },
  "5965ffac-69da-4b55-bcde-9225d0613c28": {
    "asset": 1593314982970,
    "meta": 1593494899119,
    "relativePath": "prefab/progressBar.prefab"
  },
  "4a37dd57-78cd-4cec-aad4-f11a73d12b63": {
    "asset": 1593314982973,
    "meta": 1593494899122,
    "relativePath": "prefab/richtext.prefab"
  },
  "32044bd2-481f-4cf1-a656-e2b2fb1594eb": {
    "asset": 1593314982975,
    "meta": 1593494899125,
    "relativePath": "prefab/scrollview.prefab"
  },
  "0004d1cf-a0ad-47d8-ab17-34d3db9d35a3": {
    "asset": 1593314982978,
    "meta": 1593494899128,
    "relativePath": "prefab/slider.prefab"
  },
  "1f55e3be-b89b-4b79-88de-47fd31018044": {
    "asset": 1593314982979,
    "meta": 1593494899130,
    "relativePath": "prefab/sprite_splash.prefab"
  },
  "96083d03-c332-4a3f-9386-d03e2d19e8ee": {
    "asset": 1593314982981,
    "meta": 1593494899132,
    "relativePath": "prefab/sprite.prefab"
  },
  "7de03a80-4457-438d-95a7-3e7cdffd6086": {
    "asset": 1593314982983,
    "meta": 1593494899138,
    "relativePath": "prefab/tiledmap.prefab"
  },
  "0e42ba95-1fa1-46aa-b2cf-143cd1bcee2c": {
    "asset": 1593314982988,
    "meta": 1593494899140,
    "relativePath": "prefab/tiledtile.prefab"
  },
  "0d784963-d024-4ea6-a7db-03be0ad63010": {
    "asset": 1593314982990,
    "meta": 1593494899142,
    "relativePath": "prefab/toggle.prefab"
  },
  "bf0a434c-84dd-4a8e-a08a-7a36f180cc75": {
    "asset": 1593314983005,
    "meta": 1593494899170,
    "relativePath": "prefab/toggleContainer.prefab"
  },
  "232d2782-c4bd-4bb4-9e01-909f03d6d3b9": {
    "asset": 1593314983031,
    "meta": 1593494899196,
    "relativePath": "prefab/videoplayer.prefab"
  },
  "d1b8be49-b0a0-435c-83b7-552bed4bbe35": {
    "asset": 1593314983024,
    "meta": 1593494899173,
    "relativePath": "prefab/toggleGroup.prefab"
  },
  "144c3297-af63-49e8-b8ef-1cfa29b3be28": {
    "asset": 1592807258000,
    "meta": 1593494899220,
    "relativePath": "resources/effects/builtin-2d-gray-sprite.effect"
  },
  "0e93aeaa-0b53-4e40-b8e0-6268b4e07bd7": {
    "asset": 1592807258000,
    "meta": 1593494899239,
    "relativePath": "resources/effects/builtin-2d-spine.effect"
  },
  "2874f8dd-416c-4440-81b7-555975426e93": {
    "asset": 1592807258000,
    "meta": 1593494899246,
    "relativePath": "resources/effects/builtin-2d-sprite.effect"
  },
  "8c5001fd-07ee-4a4b-a8a0-63e15195e94d": {
    "asset": 1593314983048,
    "meta": 1593494899199,
    "relativePath": "prefab/webview.prefab"
  },
  "829a282c-b049-4019-bd38-5ace8d8a6417": {
    "asset": 1592807258000,
    "meta": 1593494899325,
    "relativePath": "resources/effects/builtin-3d-particle.effect"
  },
  "2a7c0036-e0b3-4fe1-8998-89a54b8a2bec": {
    "asset": 1592807258000,
    "meta": 1593494899360,
    "relativePath": "resources/effects/builtin-3d-trail.effect"
  },
  "c0040c95-c57f-49cd-9cbc-12316b73d0d4": {
    "asset": 1592807258000,
    "meta": 1593494899366,
    "relativePath": "resources/effects/builtin-clear-stencil.effect"
  },
  "6d91e591-4ce0-465c-809f-610ec95019c6": {
    "asset": 1592807258000,
    "meta": 1593494899400,
    "relativePath": "resources/effects/builtin-unlit.effect"
  },
  "6f801092-0c37-4f30-89ef-c8d960825b36": {
    "asset": 1592807258000,
    "meta": 1593494899472,
    "relativePath": "resources/materials/builtin-2d-base.mtl"
  },
  "3a7bb79f-32fd-422e-ada2-96f518fed422": {
    "asset": 1592807258000,
    "meta": 1593494899473,
    "relativePath": "resources/materials/builtin-2d-gray-sprite.mtl"
  },
  "7afd064b-113f-480e-b793-8817d19f63c3": {
    "asset": 1592807258000,
    "meta": 1593494899474,
    "relativePath": "resources/materials/builtin-2d-spine.mtl"
  },
  "eca5d2f2-8ef6-41c2-bbe6-f9c79d09c432": {
    "asset": 1592807258000,
    "meta": 1593494899475,
    "relativePath": "resources/materials/builtin-2d-sprite.mtl"
  },
  "432fa09c-cf03-4cff-a186-982604408a07": {
    "asset": 1592807258000,
    "meta": 1593494899476,
    "relativePath": "resources/materials/builtin-3d-particle.mtl"
  },
  "466d4f9b-e5f4-4ea8-85d5-3c6e9a65658a": {
    "asset": 1592807258000,
    "meta": 1593494899475,
    "relativePath": "resources/materials/builtin-3d-trail.mtl"
  },
  "cf7e0bb8-a81c-44a9-ad79-d28d43991032": {
    "asset": 1592807258000,
    "meta": 1593494899477,
    "relativePath": "resources/materials/builtin-clear-stencil.mtl"
  },
  "2a296057-247c-4a1c-bbeb-0548b6c98650": {
    "asset": 1592807258000,
    "meta": 1593494899477,
    "relativePath": "resources/materials/builtin-unlit.mtl"
  },
  "608af1f4-8efa-426a-83ca-1f299283a15b": {
    "asset": 1593383918000,
    "meta": 1593494902854,
    "relativePath": "script/audioEngine.js"
  },
  "3968b71b-9350-4064-8149-d2ff8de6d269": {
    "asset": 1593381994000,
    "meta": 1593494902240,
    "relativePath": "resource/audio/click.wav"
  },
  "954fec8b-cd16-4bb9-a3b7-7719660e7558": {
    "asset": 1592807258000,
    "meta": 1593494901481,
    "relativePath": "model/primitives.fbx"
  },
  "30682f87-9f0d-4f17-8a44-72863791461b": {
    "asset": 1592807258000,
    "meta": 1593494899211,
    "relativePath": "resources/effects/builtin-2d-graphics.effect"
  },
  "f18742d7-56d2-4eb5-ae49-2d9d710b37c8": {
    "asset": 1592807258000,
    "meta": 1593494899230,
    "relativePath": "resources/effects/builtin-2d-label.effect"
  },
  "a153945d-2511-4c14-be7b-05d242f47d57": {
    "asset": 1592807258000,
    "meta": 1593494899472,
    "relativePath": "resources/materials/builtin-2d-graphics.mtl"
  },
  "e02d87d4-e599-4d16-8001-e14891ac6506": {
    "asset": 1592807258000,
    "meta": 1593494899474,
    "relativePath": "resources/materials/builtin-2d-label.mtl"
  },
  "82ee0c2d-d859-4d96-97f4-71f1039b7e29": {
    "asset": 1593496377175,
    "meta": 1593496377183,
    "relativePath": "scene/gameIntro.fire"
  },
  "753bdf90-49b0-440d-b6a0-5b3ab4aacbfe": {
    "asset": 1593417650000,
    "meta": 1593494903454,
    "relativePath": "script/welcome.js"
  },
  "5e81a5d6-24d0-48d4-bed2-f7b870ae1b3c": {
    "asset": 1593423668000,
    "meta": 1593494902329,
    "relativePath": "resource/picture/701593423621_.pic_hd.jpg"
  },
  "020591c3-0bd6-41fd-b5f2-788e21bd1a4d": {
    "asset": 1593463904000,
    "meta": 1593494902508,
    "relativePath": "resource/picture/gameRule3.jpg"
  },
  "4a6e1a65-664a-46b2-a592-7635b214ccfd": {
    "asset": 1593496412485,
    "meta": 1593496412498,
    "relativePath": "scene/gamePanel.fire"
  },
  "461c73bf-b3f2-4413-a1d7-9f0d69be75c0": {
    "asset": 1593464024000,
    "meta": 1593494903394,
    "relativePath": "script/gameRule.js"
  },
  "e3c68f13-1257-40d5-9ba1-d6802dc5358e": {
    "asset": 1593490684000,
    "meta": 1593494902255,
    "relativePath": "resource/audio/bgm_01.wav"
  },
  "45da1604-4ea4-404f-a172-1a4d22345b4e": {
    "asset": 1593497368026,
    "meta": 1593497372921,
    "relativePath": "script/background.js"
  }
}